<xml>
  <!--
      mostly from: http://minecraft.gamepedia.com/Data_values_%28Pocket_Edition%29
      and:         http://minecraft.gamepedia.com/Data_values#Block_IDs
      and:         http://minecraft.gamepedia.com/Opacity
      
      blocklist: mcpe blocks
      id - mcpe block id (hex)
      name - name of block
      color - RGB color (hex)
      solid - flag for solid/non-solid (default is solid); solid means the player (and entites) are NOT able to stand inside the block
      opaque - flag for opaque/non-opaque (default is opaque)
      liquid - flag for liquid/non-liquid (default is non-liquid)
      spawnable - flag for if a mob can spawn on the block ABOVE this block (default is spawnable)
      
      can have variants with these fields:
      blockdata - blockdata value for this variant
      name - name for variant
      color - color for variant (otherwise it will be based on containing block element)
      
      note: *I *S *E *D etc are markers for blocks that have more info in block_data or damage etc
      note: it is important for the web ui that colors are unique (e.g. jshint out1.js)
      note: items with "TBD" in their name need investigation re MCPE value/name vs MCPC
      
      todo - would be cool to find a definitive list of colors for blocks
      todo - could rip images from apk and get an avg color?
      todo - add variants for stairs (e/w/s/n + upside-down)
  -->
  <blocklist>
    <block id="0x00" name="Air" color="0x010101" solid="0" opaque="0" spawnable="0" />
    <block id="0x01" name="Stone" color="0xa0a0a0">
      <blockvariant blockdata="0x0" name="Stone" />
      <blockvariant blockdata="0x1" name="Granite" />
      <blockvariant blockdata="0x2" name="Granite, Polished" />
      <blockvariant blockdata="0x3" name="Diorite" />
      <blockvariant blockdata="0x4" name="Diorite, Polished" />
      <blockvariant blockdata="0x5" name="Andesite" />
      <blockvariant blockdata="0x6" name="Andesite, Polished" />
    </block>
    <block id="0x02" name="Grass Block" color="0x1f953e" />
    <block id="0x03" name="Dirt" color="0x7c5a06" /> <!-- todo - dirt/coarse dirt/podzol? -->
    <block id="0x04" name="Cobblestone" color="0xc0c0c0" />
    <block id="0x05" name="Wooden Planks" color="0x696a2d">
      <blockvariant blockdata="0x0" name="Planks, Oak Wood" />
      <blockvariant blockdata="0x1" name="Planks, Spruce Wood" />
      <blockvariant blockdata="0x2" name="Planks, Birch Wood" />
      <blockvariant blockdata="0x3" name="Planks, Jungle Wood" />
      <blockvariant blockdata="0x4" name="Planks, Acacia Wood" />
      <blockvariant blockdata="0x5" name="Planks, Dark Oak Wood" />
    </block>
    <block id="0x06" name="Sapling" color="0x8afb97" solid="0" opaque="0" spawnable="0">
      <blockvariant blockdata="0x0" name="Sapling, Oak" />
      <blockvariant blockdata="0x1" name="Sapling, Spruce" />
      <blockvariant blockdata="0x2" name="Sapling, Birch" />
      <blockvariant blockdata="0x3" name="Sapling, Jungle" />
      <blockvariant blockdata="0x4" name="Sapling, Acacia" />
      <blockvariant blockdata="0x5" name="Sapling, Dark Oak" />
      <!-- todo: these are "ready to grow" -->
      <blockvariant blockdata="0x8" name="Sapling, Oak" />
      <blockvariant blockdata="0x9" name="Sapling, Spruce" />
      <blockvariant blockdata="0xa" name="Sapling, Birch" />
      <blockvariant blockdata="0xb" name="Sapling, Jungle" />
      <blockvariant blockdata="0xc" name="Sapling, Acacia" />
      <blockvariant blockdata="0xd" name="Sapling, Dark Oak" />
    </block>
    <block id="0x07" name="Bedrock" color="0x202020" spawnable="0" />
    <block id="0x08" name="Water" color="0x616699" opaque="0" liquid="1" solid="0" spawnable="0" /> <!-- *S -->
    <block id="0x09" name="Stationary Water" color="0x8b92dd" opaque="0" liquid="1" solid="0" spawnable="0" /> <!-- *S -->
    <block id="0x0A" name="Lava" color="0xfc2a2a" opaque="0" liquid="1" solid="0" spawnable="0" /> <!-- *S -->
    <block id="0x0B" name="Stationary Lava" color="0xfc2a2b" opaque="0" liquid="1" solid="0" spawnable="0" /> <!-- *S -->
    <block id="0x0C" name="Sand" color="0xede586">
      <blockvariant blockdata="0x0" name="Sand" />
      <blockvariant blockdata="0x1" name="Sand, Red" color="0xedbe86" />
    </block>
    <block id="0x0D" name="Gravel" color="0x808080" />
    <block id="0x0E" name="Gold Ore" color="0xf5f73b" /> <!-- todo - too close to torch color? -->
    <block id="0x0F" name="Iron Ore" color="0xdbbe21" />
    <block id="0x10" name="Coal Ore" color="0x505050" />
    <block id="0x11" name="Wood" color="0x916609"> <!-- *B -->
      <blockvariant blockdata="0x0" name="Wood, Oak (Up/Down)" />
      <blockvariant blockdata="0x1" name="Wood, Spruce (Up/Down)" />
      <blockvariant blockdata="0x2" name="Wood, Birch (Up/Down)" />
      <blockvariant blockdata="0x3" name="Wood, Jungle (Up/Down)" />
      <blockvariant blockdata="0x4" name="Wood, Oak (East/West)" />
      <blockvariant blockdata="0x5" name="Wood, Spruce (East/West)" />
      <blockvariant blockdata="0x6" name="Wood, Birch (East/West)" />
      <blockvariant blockdata="0x7" name="Wood, Jungle (East/West)" />
      <blockvariant blockdata="0x8" name="Wood, Oak (North/South)" />
      <blockvariant blockdata="0x9" name="Wood, Spruce (North/South)" />
      <blockvariant blockdata="0xa" name="Wood, Birch (North/South)" />
      <blockvariant blockdata="0xb" name="Wood, Jungle (North/South)" />
      <blockvariant blockdata="0xc" name="Wood, Oak (Bark Only)" />
      <blockvariant blockdata="0xd" name="Wood, Spruce (Bark Only)" />
      <blockvariant blockdata="0xe" name="Wood, Birch (Bark Only)" />
      <blockvariant blockdata="0xf" name="Wood, Jungle (Bark Only)" />
    </block>
    <block id="0x12" name="Leaves" color="0x184d1e" opaque="0" spawnable="0">
      <!-- todo colors per tree would be good to id them visually in overview map -->
      <blockvariant blockdata="0x0" name="Leaves, Oak" />
      <blockvariant blockdata="0x1" name="Leaves, Spruce" />
      <blockvariant blockdata="0x2" name="Leaves, Birch" />
      <blockvariant blockdata="0x3" name="Leaves, Jungle" />
      <blockvariant blockdata="0x4" name="Leaves, Oak (no decay)" />
      <blockvariant blockdata="0x5" name="Leaves, Spruce (no decay)" />
      <blockvariant blockdata="0x6" name="Leaves, Birch (no decay)" />
      <blockvariant blockdata="0x7" name="Leaves, Jungle (no decay)" />
      <blockvariant blockdata="0x8" name="Leaves, Oak (check decay" />
      <blockvariant blockdata="0x9" name="Leaves, Spruce (check decay)" />
      <blockvariant blockdata="0xa" name="Leaves, Birch (check decay)" />
      <blockvariant blockdata="0xb" name="Leaves, Jungle (check decay)" />
      <blockvariant blockdata="0xc" name="Leaves, Oak (no + check decay" />
      <blockvariant blockdata="0xd" name="Leaves, Spruce (no + check decay)" />
      <blockvariant blockdata="0xe" name="Leaves, Birch (no + check decay)" />
      <blockvariant blockdata="0xf" name="Leaves, Jungle (no + check decay)" />
    </block>    <!-- *B -->
    <block id="0x13" name="Sponge" color="0xb3ae61">
      <blockvariant blockdata="0x0" name="Sponge, Dry" />
      <blockvariant blockdata="0x1" name="Sponge, Wet" />
    </block>
    <block id="0x14" name="Glass" color="0xf0f0f0" opaque="0" spawnable="0" />
    <block id="0x15" name="Lapis Lazuli Ore" color="0xb5c2d6" />
    <block id="0x16" name="Lapis Lazuli Block" color="0x0547a9" />
    <block id="0x17" name="Dispenser" color="0x929292" opaque="0" spawnable="0" /> <!-- *S *E 0.14 -->
    <block id="0x18" name="Sandstone" color="0xfbf8b4"> <!-- *B -->
      <blockvariant blockdata="0x0" name="Sandstone" />
      <blockvariant blockdata="0x1" name="Sandstone, Chiseled" />
      <blockvariant blockdata="0x2" name="Sandstone, Smooth" />
    </block>
    <block id="0x19" name="Note Block" color="0xb5830a" /> <!-- *E 0.13 -->
    <block id="0x1A" name="Bed" color="0xff0000" opaque="0" spawnable="0" /> <!-- *S -->
    <block id="0x1B" name="Powered Rail" color="0xfe4902" solid="0" opaque="0" spawnable="0" /> <!-- *S -->
    <block id="0x1C" name="Detector Rail" color="0xce6841" solid="0" opaque="0" spawnable="0" /> <!-- *S 0.13 -->
    <block id="0x1E" name="Cobweb" color="0xe0e0e0" solid="0" />
    <block id="0x1F" name="Grass" color="0x1f953f" solid="0" opaque="0" spawnable="0" > <!-- *B -->
      <blockvariant blockdata="0x0" name="Shrub" />
      <blockvariant blockdata="0x1" name="Tall Grass" />
      <blockvariant blockdata="0x2" name="Fern" />
    </block>
    <block id="0x20" name="Dead Bush" color="0x47461e" solid="0" opaque="0" spawnable="0" />
    <block id="0x23" name="Wool"> <!-- *B -->
      <blockvariant blockdata="0x0" color="0xDDDDDD" dcolor="1" name="Wool, White" />
      <blockvariant blockdata="0x1" color="0xDB7D3E" dcolor="1" name="Wool, Orange" />
      <blockvariant blockdata="0x2" color="0xB350BC" dcolor="1" name="Wool, Magenta" />
      <blockvariant blockdata="0x3" color="0x6B8AC9" dcolor="1" name="Wool, Light Blue" />
      <blockvariant blockdata="0x4" color="0xB1A627" dcolor="1" name="Wool, Yellow" />
      <blockvariant blockdata="0x5" color="0x41AE38" dcolor="1" name="Wool, Lime" />
      <blockvariant blockdata="0x6" color="0xD08499" dcolor="1" name="Wool, Pink" />
      <blockvariant blockdata="0x7" color="0x404040" dcolor="1" name="Wool, Gray" />
      <blockvariant blockdata="0x8" color="0x9AA1A1" dcolor="1" name="Wool, Light Gray" />
      <blockvariant blockdata="0x9" color="0x2E6E89" dcolor="1" name="Wool, Cyan" />
      <blockvariant blockdata="0xa" color="0x7E3DB5" dcolor="1" name="Wool, Purple" />
      <blockvariant blockdata="0xb" color="0x2E388D" dcolor="1" name="Wool, Blue" />
      <blockvariant blockdata="0xc" color="0x4F321F" dcolor="1" name="Wool, Brown" />
      <blockvariant blockdata="0xd" color="0x35461B" dcolor="1" name="Wool, Green" />
      <blockvariant blockdata="0xe" color="0x963430" dcolor="1" name="Wool, Red" />
      <blockvariant blockdata="0xf" color="0x191616" dcolor="1" name="Wool, Black" />
    </block>
    <block id="0x25" name="Dandelion" color="0xcacc34" solid="0" opaque="0" spawnable="0"/>
    <block id="0x26" name="Flower" color="0xe98b9a" solid="0" opaque="0" spawnable="0" > <!--  *B -->
      <!-- todo colors for these would be nice -->
      <blockvariant blockdata="0x0" name="Poppy" />
      <blockvariant blockdata="0x1" name="Blue Orchid" />
      <blockvariant blockdata="0x2" name="Allium" />
      <blockvariant blockdata="0x3" name="Azure Bluet" />
      <blockvariant blockdata="0x4" name="Red Tulip" />
      <blockvariant blockdata="0x5" name="Orange Tulip" />
      <blockvariant blockdata="0x6" name="White Tulip" />
      <blockvariant blockdata="0x7" name="Pink Tulip" />
      <blockvariant blockdata="0x8" name="Oxeye Daisy" />
    </block>
    <block id="0x27" name="Brown Mushroom" color="0xcaa762" solid="0" opaque="0" spawnable="0" />
    <block id="0x28" name="Red Mushroom" color="0xfe9c9c" solid="0" opaque="0" spawnable="0" />
    <block id="0x29" name="Block of Gold" color="0xfcfe50" />
    <block id="0x2A" name="Block of Iron" color="0xdddddb" />
    <block id="0x2B" name="Double Stone Slab" color="0x919191">
      <blockvariant blockdata="0x0" name="Double Slab, Stone" />
      <blockvariant blockdata="0x1" name="Double Slab, Sandstone" />
      <blockvariant blockdata="0x2" name="Double Slab, Wooden" />
      <blockvariant blockdata="0x3" name="Double Slab, Cobblestone" />
      <blockvariant blockdata="0x4" name="Double Slab, Bricks" />
      <blockvariant blockdata="0x5" name="Double Slab, Stone Brick" />
      <blockvariant blockdata="0x6" name="Double Slab, Nether Brick" />
      <blockvariant blockdata="0x7" name="Double Slab, Quartz" />
      <blockvariant blockdata="0x8" name="Double Slab, Smooth Stone" />
      <blockvariant blockdata="0x9" name="Double Slab, Smooth Sandstone" />
      <blockvariant blockdata="0xf" name="Double Slab, Tile Quartz" />
    </block>
    <block id="0x2C" name="Stone Slab" color="0x909090" opaque="0" spawnable="0"> <!-- *B -->
      <blockvariant blockdata="0x0" name="Slab, Stone" />
      <blockvariant blockdata="0x1" name="Slab, Sandstone" />
      <blockvariant blockdata="0x2" name="Slab, Wooden" />
      <blockvariant blockdata="0x3" name="Slab, Cobblestone" />
      <blockvariant blockdata="0x4" name="Slab, Bricks" />
      <blockvariant blockdata="0x5" name="Slab, Stone Brick" />
      <blockvariant blockdata="0x6" name="Slab, Nether Brick" />
      <blockvariant blockdata="0x7" name="Slab, Quartz" />
      <blockvariant blockdata="0x8" name="Upper Slab, Stone" spawnable="1" />
      <blockvariant blockdata="0x9" name="Upper Slab, Sandstone" spawnable="1" />
      <blockvariant blockdata="0xa" name="Upper Slab, Wooden" spawnable="1" />
      <blockvariant blockdata="0xb" name="Upper Slab, Cobblestone" spawnable="1" />
      <blockvariant blockdata="0xc" name="Upper Slab, Bricks" spawnable="1" />
      <blockvariant blockdata="0xd" name="Upper Slab, Stone Brick" spawnable="1" />
      <blockvariant blockdata="0xe" name="Upper Slab, Nether Brick" spawnable="1" />
      <blockvariant blockdata="0xf" name="Upper Slab, Quartz" spawnable="1" />
    </block>
    <block id="0x2D" name="Bricks" color="0x9a0b18" />
    <block id="0x2E" name="TNT" color="0xee6f66" solid="0" opaque="0" spawnable="0" />
    <block id="0x2F" name="Bookshelf" color="0xa27826" />
    <block id="0x30" name="Moss Stone" color="0x8a9e90" />
    <block id="0x31" name="Obsidian" color="0xc2a6c1" />
    <block id="0x32" name="Torch" color="0xffff00" solid="0" opaque="0" spawnable="0" />
    <block id="0x33" name="Fire" color="0xff1d32" solid="0" opaque="0" spawnable="0" />
    <block id="0x34" name="Monster Spawner" color="0x930a91" /> <!-- *E -->
    <block id="0x35" name="Stairs, Oak Wood" color="0x696b2d" spawnable="0"> <!-- *S -->
      <blockvariant blockdata="0x0" name="Stairs, Oak Wood, East" />
      <blockvariant blockdata="0x1" name="Stairs, Oak Wood, West" />
      <blockvariant blockdata="0x2" name="Stairs, Oak Wood, South" />
      <blockvariant blockdata="0x3" name="Stairs, Oak Wood, North" />
      <blockvariant blockdata="0x4" name="Stairs, Oak Wood. East (Upside-down)" spawnable="1" />
      <blockvariant blockdata="0x5" name="Stairs, Oak wood, West (Upside-down)" spawnable="1" />
      <blockvariant blockdata="0x6" name="Stairs, Oak Wood, South (Upside-down)" spawnable="1" />
      <blockvariant blockdata="0x7" name="Stairs, Oak Wood, North (Upside-down)" spawnable="1" />
    </block>
    <block id="0x36" name="Chest" color="0xb3914f" opaque="0" spawnable="0" /> <!-- *E -->
    <block id="0x37" name="Redstone Wire" color="0xea3c3c" solid="0" opaque="0" spawnable="0" /> <!-- *I *S 0.13 -->
    <block id="0x38" name="Diamond Ore" color="0x77dcd8" />
    <block id="0x39" name="Block of Diamond" color="0x83f0ec" />
    <block id="0x3A" name="Crafting Table" color="0x895c26" />
    <block id="0x3B" name="Wheat" color="0x3ebf59" solid="0" opaque="0" spawnable="0" /> <!-- *S *I -->
    <block id="0x3C" name="Farmland" color="0x646325" opaque="0" /> <!-- *D -->
    <block id="0x3D" name="Furnace" color="0xe54e26" /> <!-- *S *E -->
    <block id="0x3E" name="Burning Furnace" color="0xfd572c" opaque="0" spawnable="0" /> <!-- *S *E -->
    <block id="0x3F" name="Standing Sign" color="0x8d804a" solid="0" opaque="0" spawnable="0" /> <!-- *I *S *E -->
    <block id="0x40" name="Door, Oak" color="0x77602e" solid="0" opaque="0" spawnable="0" /> <!-- *S *I -->
    <block id="0x41" name="Ladder" solid="0" color="0xada170" opaque="0" spawnable="0" />
    <block id="0x42" name="Rail" color="0x866e3b" solid="0" opaque="0" spawnable="0" /> <!-- todo - tough to choose a good color here, silver/gray is not enough contrast to stone etc -->
    <block id="0x43" name="Stairs, Cobblestone" color="0xd0d0d0" spawnable="0"> <!-- *D -->
      <blockvariant blockdata="0x0" name="Stairs, Cobblestone, East" />
      <blockvariant blockdata="0x1" name="Stairs, Cobblestone, West" />
      <blockvariant blockdata="0x2" name="Stairs, Cobblestone, South" />
      <blockvariant blockdata="0x3" name="Stairs, Cobblestone, North" />
      <blockvariant blockdata="0x4" name="Stairs, Cobblestone, East (Upside-down)" spawnable="1" />
      <blockvariant blockdata="0x5" name="Stairs, Cobblestone, West (Upside-down)" spawnable="1" />
      <blockvariant blockdata="0x6" name="Stairs, Cobblestone, South (Upside-down)" spawnable="1" />
      <blockvariant blockdata="0x7" name="Stairs, Cobblestone, North (Upside-down)" spawnable="1" />
    </block>
    <block id="0x44" name="Wall Sign" color="0x8d804b" solid="0" opaque="0" spawnable="0" /> <!-- *I *S *E -->
    <block id="0x45" name="Lever" color="0xd7d7b8" solid="0" opaque="0" spawnable="0" /> <!-- *S 0.13 -->
    <block id="0x46" name="Pressure Plate, Stone" color="0xccccc6" solid="0" opaque="0" spawnable="0" /> <!-- *S 0.13 -->
    <block id="0x47" name="Door, Iron" color="0xc8cccc" solid="0" opaque="0" spawnable="0" /> <!-- *S 0.13 -->
    <block id="0x48" name="Pressure Plate, Wooden" color="0xab9e57" solid="0" opaque="0" spawnable="0" /> <!-- *S 0.13 -->
    <block id="0x49" name="Redstone Ore" color="0xab2828" />
    <block id="0x4A" name="Glowing Redstone Ore" color="0xab2829" opaque="0" />
    <block id="0x4B" name="Redstone Torch, Inactive" color="0xac2828" solid="0" opaque="0" spawnable="0" /> <!-- *S 0.13 -->
    <block id="0x4C" name="Redstone Torch, Active" color="0xcc2828" solid="0" opaque="0" spawnable="0" /> <!-- *S 0.13 -->
    <block id="0x4D" name="Button, Stone" color="0xc9c9c9" solid="0" opaque="0" spawnable="0" /> <!-- *S 0.13 -->
    <block id="0x4E" name="Snow (layer)" color="0xefefff" solid="0" opaque="0" spawnable="0" />
    <block id="0x4F" name="Ice" color="0x0cf5ed" opaque="0" />
    <block id="0x50" name="Snow" color="0xe0e0f0" opaque="0" />
    <block id="0x51" name="Cactus" color="0x116713" opaque="0" spawnable="0" />
    <block id="0x52" name="Clay (block)" color="0x91aeb4" />
    <block id="0x53" name="Sugar Cane" color="0x4ee547" solid="0" opaque="0" spawnable="0" />
    <block id="0x55" name="Fence" color="0xbc8a16" opaque="0" spawnable="0">
      <!-- todo this is a guess - it's not on the wiki; in MCPC it looks like they have diff blockid's for each wood type -->
      <blockvariant blockdata="0x0" name="Fence, Oak Wood" />
      <blockvariant blockdata="0x1" name="Fence, Spruce Wood" />
      <blockvariant blockdata="0x2" name="Fence, Birch Wood" />
      <blockvariant blockdata="0x3" name="Fence, Jungle Wood" />
      <blockvariant blockdata="0x4" name="Fence, Acacia Wood" />
      <blockvariant blockdata="0x5" name="Fence, Dark Oak Wood" />
    </block>
    <block id="0x56" name="Pumpkin" color="0xfe9300" />  <!-- *S -->
    <block id="0x57" name="Netherrack" color="0xc6475f" />
    <block id="0x58" name="Soul Sand" color="0x9f6969" />
    <block id="0x59" name="Glowstone" color="0xfafa9c" opaque="0" />
    <block id="0x5A" name="Nether Portal" color="0xffa0ff" solid="0" opaque="0" spawnable="0" />
    <block id="0x5B" name="Jack o'Lantern" color="0xffb854" /> <!-- *S -->
    <block id="0x5C" name="Cake" color="0xe4b8c4" opaque="0" spawnable="0" /> <!-- *S -->
    <block id="0x5D" name="Redstone Repeater, Inactive" color="0xea4c4c" opaque="0" spawnable="0" /> <!-- *I *S 0.14 -->
    <block id="0x5E" name="Redstone Repeater, Active" color="0xea5c5c" opaque="0" spawnable="0" /> <!-- *I *S 0.14 -->
    <block id="0x5F" name="TBD - MCPE=Invisible Bedrock / MCPC=Stained Glass" color="0x282828" />
    <block id="0x60" name="Trapdoor" color="0x9e9678" opaque="0" spawnable="0" /> <!-- *S -->
    <block id="0x61" name="Monster Egg" /> <!-- todo -->
    <block id="0x62" name="Stone Brick" color="0xb6b6b0"> <!-- *D *B -->
      <blockvariant blockdata="0x0" name="Brick, Stone" />
      <blockvariant blockdata="0x1" name="Brick, Mossy Stone" />
      <blockvariant blockdata="0x2" name="Brick, Cracked Stone" />
      <blockvariant blockdata="0x3" name="Brick, Chiseled Stone" />
    </block>
    <block id="0x63" name="Brown Mushroom (block)" color="0xcaa761" />
    <block id="0x64" name="Red Mushroom (block)" color="0xfe9c9b" />
    <block id="0x65" name="Iron Bars" color="0xd6d5d3" opaque="0" spawnable="0" />
    <block id="0x66" name="Glass Pane" color="0xf8f8f8" opaque="0" spawnable="0" />
    <block id="0x67" name="Melon" color="0x73d86c" />
    <block id="0x68" name="Pumpkin Stem" color="0xa6a96f" solid="0" opaque="0" spawnable="0" /> <!-- *S -->
    <block id="0x69" name="Melon Stem" color="0xa6a96e" solid="0" opaque="0" spawnable="0" /> <!-- *S -->
    <block id="0x6A" name="Vines" color="0x265e2c" solid="0" opaque="0" spawnable="0" /> <!-- *D -->
    <block id="0x6B" name="Fence Gate, Oak" color="0x57553b" solid="0" opaque="0" spawnable="0" /> <!-- *S -->
    <block id="0x6C" name="Stairs, Brick" color="0xa41e2a" spawnable="0"> <!-- *S -->
      <blockvariant blockdata="0x0" name="Stairs, Brick, East" />
      <blockvariant blockdata="0x1" name="Stairs, Brick, West" />
      <blockvariant blockdata="0x2" name="Stairs, Brick, South" />
      <blockvariant blockdata="0x3" name="Stairs, Brick, North" />
      <blockvariant blockdata="0x4" name="Stairs, Brick, East (Upside-down)" spawnable="1" />
      <blockvariant blockdata="0x5" name="Stairs, Brick, West (Upside-down)" spawnable="1" />
      <blockvariant blockdata="0x6" name="Stairs, Brick, South (Upside-down)" spawnable="1" />
      <blockvariant blockdata="0x7" name="Stairs, Brick, North (Upside-down)" spawnable="1" />
    </block>
    <block id="0x6D" name="Stairs, Stone Brick" color="0xa0a19a" spawnable="0"> <!-- *S -->
      <blockvariant blockdata="0x0" name="Stairs, Stone Brick, East" />
      <blockvariant blockdata="0x1" name="Stairs, Stone Brick, West" />
      <blockvariant blockdata="0x2" name="Stairs, Stone Brick, South" />
      <blockvariant blockdata="0x3" name="Stairs, Stone Brick, North" />
      <blockvariant blockdata="0x4" name="Stairs, Stone Brick, East (Upside-down)" spawnable="1" />
      <blockvariant blockdata="0x5" name="Stairs, Stone Brick, West (Upside-down)" spawnable="1" />
      <blockvariant blockdata="0x6" name="Stairs, Stone Brick, South (Upside-down)" spawnable="1" />
      <blockvariant blockdata="0x7" name="Stairs, Stone Brick, North (Upside-down)" spawnable="1" />
    </block>
    <block id="0x6E" name="Mycelium" color="0xbbbbb9" />
    <block id="0x6F" name="Lily Pad" color="0x66a16a" solid="0" opaque="0" spawnable="0" />
    <block id="0x70" name="Nether Brick" color="0x712e2e" />
    <block id="0x71" name="Fence, Nether Brick" color="0x8c3939" opaque="0" spawnable="0" />
    <block id="0x72" name="Stairs, Nether Brick" color="0xa74949" spawnable="0"> <!-- *S -->
      <blockvariant blockdata="0x0" name="Stairs, Nether Brick, East" />
      <blockvariant blockdata="0x1" name="Stairs, Nether Brick, West" />
      <blockvariant blockdata="0x2" name="Stairs, Nether Brick, South" />
      <blockvariant blockdata="0x3" name="Stairs, Nether Brick, North" />
      <blockvariant blockdata="0x4" name="Stairs, Nether Brick, East (Upside-down)" spawnable="1" />
      <blockvariant blockdata="0x5" name="Stairs, Nether Brick, West (Upside-down)" spawnable="1" />
      <blockvariant blockdata="0x6" name="Stairs, Nether Brick, South (Upside-down)" spawnable="1" />
      <blockvariant blockdata="0x7" name="Stairs, Nether Brick, North (Upside-down)" spawnable="1" />
    </block>
    <block id="0x73" name="Nether Wart" color="0xa81031" solid="0" opaque="0" spawnable="0" />
    <block id="0x74" name="Enchantment Table" color="0xc28a8a" opaque="0" spawnable="0" /> <!-- *E -->
    <block id="0x75" name="Brewing Stand" color="0xe8e6a9" opaque="0" spawnable="0" /> <!-- *I *S *E -->
    <block id="0x76" name="Cauldron" color="0x939393" opaque="0" spawnable="0" /> <!-- *I *S 0.14 -->
    <block id="0x78" name="End Portal Frame" color="0x8faf91" opaque="0" spawnable="0" />
    <block id="0x79" name="End Stone" /> <!-- todo -->
    <block id="0x7B" name="Redstone Lamp, Inactive" color="0xa03030" opaque="0" spawnable="0" /> <!-- 0.13 -->
    <block id="0x7C" name="Redstone Lamp, Active" color="0xc03030" opaque="0" spawnable="0" /> <!-- 0.13 -->
    <block id="0x7D" name="Dropper" color="0x949494" opaque="0" spawnable="0" /> <!-- *S *E 0.14 -->
    <block id="0x7E" name="Activator Rail" color="0xe76b3b" solid="0" opaque="0" spawnable="0" /> <!-- *S 0.13 -->
    <block id="0x7F" name="Cocoa" solid="0" color="0xb58e17" opaque="0" spawnable="0" /> <!-- *S *I -->
    <block id="0x80" name="Stairs, Sandstone" color="0xcecb89" spawnable="0"> <!-- *S -->
      <blockvariant blockdata="0x0" name="Stairs, Sandstone, East" />
      <blockvariant blockdata="0x1" name="Stairs, Sandstone, West" />
      <blockvariant blockdata="0x2" name="Stairs, Sandstone, South" />
      <blockvariant blockdata="0x3" name="Stairs, Sandstone, North" />
      <blockvariant blockdata="0x4" name="Stairs, Sandstone, East (Upside-down)" spawnable="1" />
      <blockvariant blockdata="0x5" name="Stairs, Sandstone, West (Upside-down)" spawnable="1" />
      <blockvariant blockdata="0x6" name="Stairs, Sandstone, South (Upside-down)" spawnable="1" />
      <blockvariant blockdata="0x7" name="Stairs, Sandstone, North (Upside-down)" spawnable="1" />
    </block>
    <block id="0x81" name="Emerald Ore" color="0x77d17d" />
    <block id="0x83" name="Tripwire Hook" color="0x454545" solid="0" /> <!-- *S 0.13 -->
    <block id="0x84" name="Tripwire" color="0xa7a7a7" solid="0" /> <!-- *I *S 0.13 -->
    <block id="0x85" name="Block of Emerald" color="0x6dbc73" />
    <block id="0x86" name="Stairs, Spruce Wood" color="0x696c2d" spawnable="0"> <!-- *S -->
      <blockvariant blockdata="0x0" name="Stairs, Spruce Wood, East" />
      <blockvariant blockdata="0x1" name="Stairs, Spruce Wood, West" />
      <blockvariant blockdata="0x2" name="Stairs, Spruce Wood, South" />
      <blockvariant blockdata="0x3" name="Stairs, Spruce Wood, North" />
      <blockvariant blockdata="0x4" name="Stairs, Spruce Wood, East (Upside-down)" spawnable="1" />
      <blockvariant blockdata="0x5" name="Stairs, Spruce Wood, West (Upside-down)" spawnable="1" />
      <blockvariant blockdata="0x6" name="Stairs, Spruce Wood, South (Upside-down)" spawnable="1" />
      <blockvariant blockdata="0x7" name="Stairs, Spruce Wood, North (Upside-down)" spawnable="1" />
    </block>
    <block id="0x87" name="Stairs, Birch Wood" color="0x696d2d" spawnable="0"> <!-- *S -->
      <blockvariant blockdata="0x0" name="Stairs, Birch Wood, East" />
      <blockvariant blockdata="0x1" name="Stairs, Birch Wood, West" />
      <blockvariant blockdata="0x2" name="Stairs, Birch Wood, South" />
      <blockvariant blockdata="0x3" name="Stairs, Birch Wood, North" />
      <blockvariant blockdata="0x4" name="Stairs, Birch Wood, East (Upside-down)" spawnable="1" />
      <blockvariant blockdata="0x5" name="Stairs, Birch Wood, West (Upside-down)" spawnable="1" />
      <blockvariant blockdata="0x6" name="Stairs, Birch Wood, South (Upside-down)" spawnable="1" />
      <blockvariant blockdata="0x7" name="Stairs, Birch Wood, North (Upside-down)" spawnable="1" />
    </block>
    <block id="0x88" name="Stairs, Jungle Wood" color="0x696e2d" spawnable="0"> <!-- *S -->
      <blockvariant blockdata="0x0" name="Stairs, Jungle Wood, East" />
      <blockvariant blockdata="0x1" name="Stairs, Jungle Wood, West" />
      <blockvariant blockdata="0x2" name="Stairs, Jungle Wood, South" />
      <blockvariant blockdata="0x3" name="Stairs, Jungle Wood, North" />
      <blockvariant blockdata="0x4" name="Stairs, Jungle Wood, East (Upside-down)" spawnable="1" />
      <blockvariant blockdata="0x5" name="Stairs, Jungle Wood, West (Upside-down)" spawnable="1" />
      <blockvariant blockdata="0x6" name="Stairs, Jungle Wood, South (Upside-down)" spawnable="1" />
      <blockvariant blockdata="0x7" name="Stairs, Jungle Wood, North (Upside-down)" spawnable="1" />
    </block>
    <block id="0x8B" name="Cobblestone Wall" color="0xb0b0b0" opaque="0" spawnable="0">
      <blockvariant blockdata="0x0" name="Cobblestone Wall" />
      <blockvariant blockdata="0x1" name="Cobblestone Wall, Mossy" />
    </block>
    <block id="0x8C" name="Flower Pot" color="0xdd9924" solid="0" opaque="0" spawnable="0"> <!-- *I *E -->
      <blockvariant blockdata="0x0" name="Flower Pot, Empty" />
      <blockvariant blockdata="0x1" name="Flower Pot, Poppy" />
      <blockvariant blockdata="0x2" name="Flower Pot, Dandelion" />
      <blockvariant blockdata="0x3" name="Flower Pot, Oak Sapling" />
      <blockvariant blockdata="0x4" name="Flower Pot, Spruce Sapling" />
      <blockvariant blockdata="0x5" name="Flower Pot, Birch Sapling" />
      <blockvariant blockdata="0x6" name="Flower Pot, Jungle Sapling" />
      <blockvariant blockdata="0x7" name="Flower Pot, Red Mushroom" />
      <blockvariant blockdata="0x8" name="Flower Pot, Brown Mushroom" />
      <blockvariant blockdata="0x9" name="Flower Pot, Cactus" />
      <blockvariant blockdata="0xa" name="Flower Pot, Dead Bush" />
      <blockvariant blockdata="0xb" name="Flower Pot, Fern" />
      <blockvariant blockdata="0xc" name="Flower Pot, Acacia Sapling" />
      <blockvariant blockdata="0xd" name="Flower Pot, Dark Oak Sapling" />
    </block>
    <block id="0x8D" name="Carrot" color="0xe8a03a" solid="0" opaque="0" spawnable="0" />  <!-- *S *I -->
    <block id="0x8E" name="Potato" color="0xb4af1c" solid="0" opaque="0" spawnable="0" /> <!-- *S *I -->
    <block id="0x8F" name="Button, Wooden" color="0xcfbe7a" solid="0" opaque="0" spawnable="0" /> <!-- *S 0.13 -->
    <block id="0x90" name="Mob Head" color="0xe030e0" solid="0" /> <!-- *I *S *E 0.13 todo - parse type and direction etc -->
    <!-- todo - note: on the MCPE page anvil is listed as 0x90; in the data files (and the MC page) it is 0x91 -->
    <block id="0x91" name="Anvil" color="0x606060" opaque="0" spawnable="0" /> <!-- *S *B -->
    <block id="0x92" name="Trapped Chest" color="0xb37c4f" opaque="0" spawnable="0" /> <!-- *E 0.13 -->
    <block id="0x93" name="Pressure Plate, Weighted Light" color="0xd3d526" solid="0" opaque="0" spawnable="0" /> <!-- *S 0.13 -->
    <block id="0x94" name="Pressure Plate, Weighted Heavy" color="0x575757" solid="0" opaque="0" spawnable="0" /> <!-- *S 0.13 -->
    <block id="0x95" name="Redstone Comparator, Inactive" color="0xef4c4c" opaque="0" spawnable="0" /> <!-- *I *S 0.14 -->
    <!-- todo: wiki sez that this is deprecated: -->
    <block id="0x96" name="Redstone Comparator, Active" color="0xef5c5c" opaque="0" spawnable="0" /> <!-- *I *S 0.14 -->
    <block id="0x97" name="Daylight Sensor" color="0x989898" opaque="0" spawnable="0" /> <!-- *E 0.13 -->
    <block id="0x98" name="Block of Redstone" color="0xcd5c5c" opaque="0" />
    <block id="0x99" name="Nether Quartz Ore" color="0xd6cdcd" />
    <block id="0x9A" name="Hopper" color="0xa5a5a5" opaque="0" spawnable="0" /> <!-- *S *E 0.14 -->
    <block id="0x9B" name="Block of Quartz" color="0xfffff8"> <!-- *B -->
      <blockvariant blockdata="0x0" name="Quartz" />
      <blockvariant blockdata="0x1" name="Quartz, Chiseled" />
      <blockvariant blockdata="0x2" name="Quartz, Pillar (Vertical)" />
      <blockvariant blockdata="0x3" name="Quartz, Pillar (North/South)" />
      <blockvariant blockdata="0x4" name="Quartz, Pillar (East/West)" />
    </block>
    <block id="0x9C" name="Stairs, Quartz" color="0xe8e7e7" spawnable="0"> <!-- *S -->
      <blockvariant blockdata="0x0" name="Stairs, Quartz, East" />
      <blockvariant blockdata="0x1" name="Stairs, Quartz, West" />
      <blockvariant blockdata="0x2" name="Stairs, Quartz, South" />
      <blockvariant blockdata="0x3" name="Stairs, Quartz, North" />
      <blockvariant blockdata="0x4" name="Stairs, Quartz, East (Upside-down)" spawnable="1" />
      <blockvariant blockdata="0x5" name="Stairs, Quartz, West (Upside-down)" spawnable="1" />
      <blockvariant blockdata="0x6" name="Stairs, Quartz, South (Upside-down)" spawnable="1" />
      <blockvariant blockdata="0x7" name="Stairs, Quartz, North (Upside-down)" spawnable="1" />
    </block>
    <!-- note: on MCPC 0x9d is "Activator Rail" *S -->
    <block id="0x9D" name="Wooden Double Slab" color="0x696f2c">
      <blockvariant blockdata="0x0" name="Double Slab, Oak Wood" />
      <blockvariant blockdata="0x1" name="Double Slab, Spruce Wood" />
      <blockvariant blockdata="0x2" name="Double Slab, Birch Wood" />
      <blockvariant blockdata="0x3" name="Double Slab, Jungle Wood" />
      <blockvariant blockdata="0x4" name="Double Slab, Acacia Wood" />
      <blockvariant blockdata="0x5" name="Double Slab, Dark Oak aWood" />
    </block>
    <!-- note: on MCPC 0x9e is "Dropper S E" -->
    <block id="0x9E" name="Wooden Slab" color="0x69732c" opaque="0" spawnable="0"> <!-- *B -->
      <blockvariant blockdata="0x0" name="Slab, Oak Wood" />
      <blockvariant blockdata="0x1" name="Slab, Spruce Wood" />
      <blockvariant blockdata="0x2" name="Slab, Birch Wood" />
      <blockvariant blockdata="0x3" name="Slab, Jungle Wood" />
      <blockvariant blockdata="0x4" name="Slab, Acacia Wood" />
      <blockvariant blockdata="0x5" name="Slab, Dark Oak Wood" />
      <blockvariant blockdata="0x8" name="Upper Slab, Oak Wood" spawnable="1" />
      <blockvariant blockdata="0x9" name="Upper Slab, Spruce Wood" spawnable="1" />
      <blockvariant blockdata="0xa" name="Upper Slab, Birch Wood" spawnable="1" />
      <blockvariant blockdata="0xb" name="Upper Slab, Jungle Wood" spawnable="1" />
      <blockvariant blockdata="0xc" name="Upper Slab, Acacia Wood" spawnable="1" />
      <blockvariant blockdata="0xd" name="Upper Slab, Dark Oak Wood" spawnable="1" />
    </block>
    <block id="0x9F" name="Stained Clay"> <!-- *B -->
      <blockvariant blockdata="0x0" color="0xDDDDDD" dcolor="0" name="Stained Clay, White" />
      <blockvariant blockdata="0x1" color="0xDB7D3E" dcolor="0" name="Stained Clay, Orange" />
      <blockvariant blockdata="0x2" color="0xB350BC" dcolor="0" name="Stained Clay, Magenta" />
      <blockvariant blockdata="0x3" color="0x6B8AC9" dcolor="0" name="Stained Clay, Light Blue" />
      <blockvariant blockdata="0x4" color="0xB1A627" dcolor="0" name="Stained Clay, Yellow" />
      <blockvariant blockdata="0x5" color="0x41AE38" dcolor="0" name="Stained Clay, Lime" />
      <blockvariant blockdata="0x6" color="0xD08499" dcolor="0" name="Stained Clay, Pink" />
      <blockvariant blockdata="0x7" color="0x404040" dcolor="0" name="Stained Clay, Gray" />
      <blockvariant blockdata="0x8" color="0x9AA1A1" dcolor="0" name="Stained Clay, Light Gray" />
      <blockvariant blockdata="0x9" color="0x2E6E89" dcolor="0" name="Stained Clay, Cyan" />
      <blockvariant blockdata="0xa" color="0x7E3DB5" dcolor="0" name="Stained Clay, Purple" />
      <blockvariant blockdata="0xb" color="0x2E388D" dcolor="0" name="Stained Clay, Blue" />
      <blockvariant blockdata="0xc" color="0x4F321F" dcolor="0" name="Stained Clay, Brown" />
      <blockvariant blockdata="0xd" color="0x35461B" dcolor="0" name="Stained Clay, Green" />
      <blockvariant blockdata="0xe" color="0x963430" dcolor="0" name="Stained Clay, Red" />
      <blockvariant blockdata="0xf" color="0x191616" dcolor="0" name="Stained Clay, Black" />
    </block>
    <block id="0xA1" name="Leaves (Acacia/Dark Oak)" color="0x88b486" opaque="0" spawnable="0"> <!-- *B -->
      <blockvariant blockdata="0x0" name="Leaves, Acacia" />
      <blockvariant blockdata="0x1" name="Leaves, Dark Oak" />
      <blockvariant blockdata="0x4" name="Leaves, Acacia (no decay)" />
      <blockvariant blockdata="0x5" name="Leaves, Dark Oak (no decay)" />
      <blockvariant blockdata="0x8" name="Leaves, Acacia (check decay)" />
      <blockvariant blockdata="0x9" name="Leaves, Dark Oak (check decay)" />
      <blockvariant blockdata="0xc" name="Leaves, Acacia (no + check decay)" />
      <blockvariant blockdata="0xd" name="Leaves, Dark Oak (no + check decay)" />
    </block>
    <block id="0xA2" name="Wood (Acacia/Dark Oak)" color="0x69702c"> <!-- *B -->
      <blockvariant blockdata="0x0" name="Wood, Acacia (Up/Down)" />
      <blockvariant blockdata="0x1" name="Wood, Dark Oak (Up/Down)" />
      <blockvariant blockdata="0x4" name="Wood, Acacia (East/West)" />
      <blockvariant blockdata="0x5" name="Wood, Dark Oak (East/West)" />
      <blockvariant blockdata="0x8" name="Wood, Acacia (North/South)" />
      <blockvariant blockdata="0x9" name="Wood, Dark Oak (North/South)" />
      <blockvariant blockdata="0xc" name="Wood, Acacia (Bark Only)" />
      <blockvariant blockdata="0xd" name="Wood, Dark Oak (Bark Only)" />
    </block>
    <block id="0xA3" name="Stairs, Acacia Wood" color="0x69712c" spawnable="0"> <!-- *S -->
      <blockvariant blockdata="0x0" name="Stairs, Acacia Wood, East" />
      <blockvariant blockdata="0x1" name="Stairs, Acacia Wood, West" />
      <blockvariant blockdata="0x2" name="Stairs, Acacia Wood, South" />
      <blockvariant blockdata="0x3" name="Stairs, Acacia Wood, North" />
      <blockvariant blockdata="0x4" name="Stairs, Acacia Wood, East (Upside-down)" spawnable="1" />
      <blockvariant blockdata="0x5" name="Stairs, Acacia Wood, West (Upside-down)" spawnable="1" />
      <blockvariant blockdata="0x6" name="Stairs, Acacia Wood, South (Upside-down)" spawnable="1" />
      <blockvariant blockdata="0x7" name="Stairs, Acacia Wood, North (Upside-down)" spawnable="1" />
    </block>
    <block id="0xA4" name="Stairs, Dark Oak Wood" color="0x69722c" spawnable="0"> <!-- *S -->
      <blockvariant blockdata="0x0" name="Stairs, Dark Oak Wood, East" />
      <blockvariant blockdata="0x1" name="Stairs, Dark Oak Wood, West" />
      <blockvariant blockdata="0x2" name="Stairs, Dark Oak Wood, South" />
      <blockvariant blockdata="0x3" name="Stairs, Dark Oak Wood, North" />
      <blockvariant blockdata="0x4" name="Stairs, Dark Oak Wood, East (Upside-down)" spawnable="1" />
      <blockvariant blockdata="0x5" name="Stairs, Dark Oak Wood, West (Upside-down)" spawnable="1" />
      <blockvariant blockdata="0x6" name="Stairs, Dark Oak Wood, South (Upside-down)" spawnable="1" />
      <blockvariant blockdata="0x7" name="Stairs, Dark Oak Wood, North (Upside-down)" spawnable="1" />
    </block>
    <block id="0xA5" name="Slime Block" color="0x34e734" opaque="0" spawnable="1" /> <!-- 0.14 -->
    
    <block id="0xA7" name="Trapdoor, Iron" color="0xcfcccc" opaque="0" spawnable="0" /> <!-- *S 0.13 -->
    <block id="0xAA" name="Hay Bale" color="0xd8d385" /> 
    <block id="0xAB" name="Carpet" solid="0" opaque="0" spawnable="0"> <!-- *S *B -->
      <blockvariant blockdata="0x0" color="0xDDDDDD" dcolor="2" name="Carpet, White" />
      <blockvariant blockdata="0x1" color="0xDB7D3E" dcolor="2" name="Carpet, Orange" />
      <blockvariant blockdata="0x2" color="0xB350BC" dcolor="2" name="Carpet, Magenta" />
      <blockvariant blockdata="0x3" color="0x6B8AC9" dcolor="2" name="Carpet, Light Blue" />
      <blockvariant blockdata="0x4" color="0xB1A627" dcolor="2" name="Carpet, Yellow" />
      <blockvariant blockdata="0x5" color="0x41AE38" dcolor="2" name="Carpet, Lime" />
      <blockvariant blockdata="0x6" color="0xD08499" dcolor="2" name="Carpet, Pink" />
      <blockvariant blockdata="0x7" color="0x404040" dcolor="2" name="Carpet, Gray" />
      <blockvariant blockdata="0x8" color="0x9AA1A1" dcolor="2" name="Carpet, Light Gray" />
      <blockvariant blockdata="0x9" color="0x2E6E89" dcolor="2" name="Carpet, Cyan" />
      <blockvariant blockdata="0xa" color="0x7E3DB5" dcolor="2" name="Carpet, Purple" />
      <blockvariant blockdata="0xb" color="0x2E388D" dcolor="2" name="Carpet, Blue" />
      <blockvariant blockdata="0xc" color="0x4F321F" dcolor="2" name="Carpet, Brown" />
      <blockvariant blockdata="0xd" color="0x35461B" dcolor="2" name="Carpet, Green" />
      <blockvariant blockdata="0xe" color="0x963430" dcolor="2" name="Carpet, Red" />
      <blockvariant blockdata="0xf" color="0x191616" dcolor="2" name="Carpet, Black" />
    </block>
    <block id="0xAC" name="Hardened Clay" color="0xb75252" /> 
    <block id="0xAD" name="Block of Coal" color="0x585858" />
    <block id="0xAE" name="Packed Ice" color="0x02cffd" opaque="0" />
    <block id="0xAF" name="Large Flowers" color="0xe4208a" solid="0" opaque="0" spawnable="0"> <!-- *B -->
      <blockvariant blockdata="0x0" name="Sunflower" />
      <blockvariant blockdata="0x1" name="Lilac" />
      <blockvariant blockdata="0x2" name="Double Tallgrass" />
      <blockvariant blockdata="0x3" name="Large Fern" />
      <blockvariant blockdata="0x4" name="Rose Bush" />
      <blockvariant blockdata="0x5" name="Peony" />
      <blockvariant blockdata="0x8" name="Sunflower (top)" />
      <blockvariant blockdata="0x9" name="Lilac (top)" />
      <blockvariant blockdata="0xa" name="Double Tallgrass (top)" />
      <blockvariant blockdata="0xb" name="Large Fern (top)" />
      <blockvariant blockdata="0xc" name="Rose Bush (top)" />
      <blockvariant blockdata="0xd" name="Peony (top)" />
    </block>
    <block id="0xB2" name="Daylight Sensor, Inverted" color="0x989897" opaque="0" spawnable="0" /> <!-- *E 0.13 -->

    <block id="0xB3" name="Red Sandstone" color="0xd0be86"> <!-- *B -->
      <blockvariant blockdata="0x0" name="Red Sandstone" />
      <blockvariant blockdata="0x1" name="Red Sandstone, Chiseled" />
      <blockvariant blockdata="0x2" name="Red Sandstone, Smooth" />
    </block>
    <block id="0xB4" name="Stairs, Red Sandstone" color="0xcdbe86" spawnable="0"> <!-- *S -->
      <blockvariant blockdata="0x0" name="Stairs, Red Sandstone, East" />
      <blockvariant blockdata="0x1" name="Stairs, Red Sandstone, West" />
      <blockvariant blockdata="0x2" name="Stairs, Red Sandstone, South" />
      <blockvariant blockdata="0x3" name="Stairs, Red Sandstone, North" />
      <blockvariant blockdata="0x4" name="Stairs, Red Sandstone, East (Upside-down)" spawnable="1" />
      <blockvariant blockdata="0x5" name="Stairs, Red Sandstone, West (Upside-down)" spawnable="1" />
      <blockvariant blockdata="0x6" name="Stairs, Red Sandstone, South (Upside-down)" spawnable="1" />
      <blockvariant blockdata="0x7" name="Stairs, Red Sandstone, North (Upside-down)" spawnable="1" />
    </block>
    <block id="0xB5" name="Double Red Sandstone Slab" color="0xcebe86">
      <blockvariant blockdata="0x0" name="Double Slab, Red Sandstone" />
      <blockvariant blockdata="0x8" name="Double Slab, Smooth Red Sandstone" />
    </block>
    <block id="0xB6" name="Red Sandstone Slab" color="0xcfbe86" opaque="0" spawnable="0"> <!-- *B -->
      <blockvariant blockdata="0x0" name="Slab, Red Sandstone" />
      <blockvariant blockdata="0x8" name="Upper Slab, Red Sandstone" spawnable="1" />
    </block>
    <block id="0xB7" name="Fence Gate, Spruce" color="0xa77b10" solid="0" opaque="0" spawnable="0" />
    <block id="0xB8" name="Fence Gate, Birch" color="0xa77b11" solid="0" opaque="0" spawnable="0" />
    <block id="0xB9" name="Fence Gate, Jungle" color="0xa77b12" solid="0" opaque="0" spawnable="0" />
    <block id="0xBA" name="Fence Gate, Dark Oak" color="0xa77b13" solid="0" opaque="0" spawnable="0" />
    <block id="0xBB" name="Fence Gate, Acacia" color="0xa77b14" solid="0" opaque="0" spawnable="0" />
    <block id="0xC1" name="Door, Spruce" color="0x77612e" solid="0" opaque="0" spawnable="0" /> <!-- *S *I 0.13 -->
    <block id="0xC2" name="Door, Birch" color="0x77622e" solid="0" opaque="0" spawnable="0" /> <!-- *S *I 0.13 -->
    <block id="0xC3" name="Door, Jungle" color="0x77632e" solid="0" opaque="0" spawnable="0" /> <!-- *S *I 0.13 -->
    <block id="0xC4" name="Door, Acacia" color="0x77642e" solid="0" opaque="0" spawnable="0" /> <!-- *S *I 0.13 -->
    <block id="0xC5" name="Door, Dark Oak" color="0x77652e" solid="0" opaque="0" spawnable="0" /> <!-- *S *I 0.13 -->
    <block id="0xC6" name="Grass Path" color="0xb86335" />
    <block id="0xC7" name="Item Frame" color="0xe36731" solid="0" opaque="0" spawnable="0" /> <!-- 0.14 -->
    <block id="0xF3" name="Podzol" color="0x45390a" />
    <block id="0xF4" name="Beetroot" color="0xd03388" solid="0" opaque="0" spawnable="0" /> <!-- *S *I -->
    <block id="0xF5" name="Stone Cutter" color="0xb2aea5" />
    <block id="0xF6" name="Glowing Obsidian" /> <!-- todo -->
    <block id="0xF7" name="Nether Reactor Core" color="0xbaf5f2" />
    <block id="0xF8" name="Update Game Block (update!) [note 1]" /> <!-- todo -->
    <block id="0xF9" name="Update Game Block (ate!upd)" /> <!-- todo -->
    <block id="0xFF" name="info_reserved6" /> <!-- todo -->
  </blocklist>

  <!--
      mostly from: http://minecraft.gamepedia.com/Data_values_%28Pocket_Edition%29
      
      itemlist: mcpe items
      id - mcpe item id (hex)
      name - name of item
      
      todo: some items use 'damage' field to store info
  -->
  <itemlist>
    <item id="0x100" name="Iron Shovel" /> <!-- *D -->
    <item id="0x101" name="Iron Pickaxe" /> <!-- *D -->
    <item id="0x102" name="Iron Axe" /> <!-- *D -->
    <item id="0x103" name="Flint and Steel" /> <!-- *D -->
    <item id="0x104" name="Apple" />
    <item id="0x105" name="Bow" /> <!-- *D -->
    <item id="0x106" name="Arrow" />
    <item id="0x107" name="Coal"> <!-- *B -->
      <itemvariant extradata="0" name="Coal" />
      <itemvariant extradata="1" name="Charcoal" />
    </item>
    <item id="0x108" name="Diamond" />
    <item id="0x109" name="Iron Ingot" />
    <item id="0x10A" name="Gold Ingot" />
    <item id="0x10B" name="Iron Sword" /> <!-- *D -->
    <item id="0x10C" name="Wooden Sword" /> <!-- *D -->
    <item id="0x10D" name="Wooden Shovel" /> <!-- *D -->
    <item id="0x10E" name="Wooden Pickaxe" /> <!-- *D -->
    <item id="0x10F" name="Wooden Axe" /> <!-- *D -->
    <item id="0x110" name="Stone Sword" /> <!-- *D -->
    <item id="0x111" name="Stone Shovel" /> <!-- *D -->
    <item id="0x112" name="Stone Pickaxe" /> <!-- *D -->
    <item id="0x113" name="Stone Axe" /> <!-- *D -->
    <item id="0x114" name="Diamond Sword" /> <!-- *D -->
    <item id="0x115" name="Diamond Shovel" /> <!-- *D -->
    <item id="0x116" name="Diamond Pickaxe" /> <!-- *D -->
    <item id="0x117" name="Diamond Axe" /> <!-- *D -->
    <item id="0x118" name="Stick" />
    <item id="0x119" name="Bowl" />
    <item id="0x11A" name="Mushroom Stew" />
    <item id="0x11B" name="Gold Sword" /> <!-- *D -->
    <item id="0x11C" name="Gold Shovel" /> <!-- *D -->
    <item id="0x11D" name="Gold Pickaxe" /> <!-- *D -->
    <item id="0x11E" name="Gold Axe" /> <!-- *D -->
    <item id="0x11F" name="String" />
    <item id="0x120" name="Feather" />
    <item id="0x121" name="Gunpowder" />
    <item id="0x122" name="Wooden Hoe" /> <!-- *D -->
    <item id="0x123" name="Stone Hoe" /> <!-- *D -->
    <item id="0x124" name="Iron Hoe" /> <!-- *D -->
    <item id="0x125" name="Diamond Hoe" /> <!-- *D -->
    <item id="0x126" name="Gold Hoe" />
    <item id="0x127" name="Seeds" />
    <item id="0x128" name="Wheat" />
    <item id="0x129" name="Bread" />
    <item id="0x12A" name="Leather Cap" /> <!-- *D -->
    <item id="0x12B" name="Leather Tunic" /> <!-- *D -->
    <item id="0x12C" name="Leather Pants" /> <!-- *D -->
    <item id="0x12D" name="Leather Boots" /> <!-- *D -->
    <item id="0x12E" name="Chain Helmet" /> <!-- *D -->
    <item id="0x12F" name="Chain Chestplate" /> <!-- *D -->
    <item id="0x130" name="Chain Leggings" /> <!-- *D -->
    <item id="0x131" name="Chain Boots" /> <!-- *D -->
    <item id="0x132" name="Iron Helmet" /> <!-- *D -->
    <item id="0x133" name="Iron Chestplate" /> <!-- *D -->
    <item id="0x134" name="Iron Leggings" /> <!-- *D -->
    <item id="0x135" name="Iron Boots" /> <!-- *D -->
    <item id="0x136" name="Diamond Helmet" /> <!-- *D -->
    <item id="0x137" name="Diamond Chestplate" /> <!-- *D -->
    <item id="0x138" name="Diamond Leggings" /> <!-- *D -->
    <item id="0x139" name="Diamond Boots" /> <!-- *D -->
    <item id="0x13A" name="Golden Helmet" /> <!-- *D -->
    <item id="0x13B" name="Golden Chestplate" /> <!-- *D -->
    <item id="0x13C" name="Golden Leggings" /> <!-- *D -->
    <item id="0x13D" name="Golden Boots" /> <!-- *D -->
    <item id="0x13E" name="Flint" />
    <item id="0x13F" name="Porkchop, Raw" />
    <item id="0x140" name="Porkchop, Cooked" />
    <item id="0x141" name="Painting" />
    <item id="0x142" name="Golden Apple"> <!-- *B -->
      <itemvariant extradata="0" name="Golden Apple" />
      <itemvariant extradata="0" name="Golden Apple, Enchanted" />
    </item>
    <item id="0x143" name="Sign" />
    <item id="0x144" name="Door, Oak" />
    <item id="0x145" name="Bucket" />
    <item id="0x146" name="TBD - Water Bucket" />
    <item id="0x147" name="TBD - Lava Bucket" />
    <item id="0x148" name="Minecart" />
    <item id="0x149" name="Saddle" />
    <item id="0x14A" name="Door, Iron" />
    <item id="0x14B" name="Redstone" />
    <item id="0x14C" name="Snowball" />
    <item id="0x14D" name="Boat" />
    <item id="0x14E" name="Leather" />
    <item id="0x14F" name="TBD - Milk" />
    <item id="0x150" name="Brick" />
    <item id="0x151" name="Clay" />
    <item id="0x152" name="Sugar Cane" />
    <item id="0x153" name="Paper" />
    <item id="0x154" name="Book" />
    <item id="0x155" name="Slimeball" />
    <item id="0x156" name="Minecart, Chest" />
    <item id="0x158" name="Egg" />
    <item id="0x159" name="Compass" />
    <item id="0x15A" name="Fishing Rod" />
    <item id="0x15B" name="Clock" />
    <item id="0x15C" name="Glowstone Dust" />
    <item id="0x15D" name="Fish, Raw"> <!-- *B -->
      <itemvariant extradata="0" name="Fish, Raw" />
      <itemvariant extradata="1" name="Salmon, Raw" />
      <itemvariant extradata="2" name="Clownfish" />
      <itemvariant extradata="3" name="Pufferfish" />
    </item>
    <!-- todo - is this valid? -->
    <item id="0x15E" name="Fish, Cooked"> <!-- *B -->
      <itemvariant extradata="0" name="Fish, Cooked" />
      <itemvariant extradata="1" name="Salmon, Cooked" />
      <itemvariant extradata="2" name="Clownfish, Cooked?" />
      <itemvariant extradata="3" name="Pufferfish, COoked?" />
    </item>
    <item id="0x15F" name="Dye"> <!-- *B -->
      <itemvariant extradata="0x0" name="Ink Sac" />
      <itemvariant extradata="0x1" name="Rose Red" />
      <itemvariant extradata="0x2" name="Cactus Green" />
      <itemvariant extradata="0x3" name="Cocoa Beans" />
      <itemvariant extradata="0x4" name="Lapis Lazuli" />
      <itemvariant extradata="0x5" name="Dye, Purple" />
      <itemvariant extradata="0x6" name="Dye, Cyan" />
      <itemvariant extradata="0x7" name="Dye, Light Gray" />
      <itemvariant extradata="0x8" name="Dye, Gray" />
      <itemvariant extradata="0x9" name="Dye, Pink" />
      <itemvariant extradata="0xa" name="Dye, Lime" />
      <itemvariant extradata="0xb" name="Dandelion Yellow" />
      <itemvariant extradata="0xc" name="Dye, Light Blue" />
      <itemvariant extradata="0xd" name="Dye, Magenta" />
      <itemvariant extradata="0xe" name="Dye, Orange" />
      <itemvariant extradata="0xf" name="Bone Meal" />
    </item>
    <item id="0x160" name="Bone" />
    <item id="0x161" name="Sugar" />
    <item id="0x162" name="Cake" />
    <item id="0x163" name="Bed" />
    <item id="0x164" name="Redstone Repeater" />
    <item id="0x165" name="Cookie" />
    <item id="0x167" name="Shears" /> <!-- *D -->
    <item id="0x168" name="Melon" />
    <item id="0x169" name="Pumpkin Seeds" />
    <item id="0x16A" name="Melon Seeds" />
    <item id="0x16B" name="Beef, Raw" />
    <item id="0x16C" name="Steak" />
    <item id="0x16D" name="Chicken, Raw" />
    <item id="0x16E" name="Chicken, Cooked" />
    <item id="0x16F" name="Rotten Flesh" />
    <item id="0x170" name="TBD - Ender Pearl" />
    <item id="0x171" name="Blaze Rod" />
    <item id="0x172" name="Ghast Tear" />
    <item id="0x173" name="Gold Nugget" />
    <item id="0x174" name="Nether Wart" />
    <!-- todobig parse potions - is this complete? -->
    <item id="0x175" name="Potion"> <!-- *B -->
      <itemvariant extradata="0x00" name="Water Bottle" />
      <itemvariant extradata="0x01" name="Mundane Potion" />
      <itemvariant extradata="0x02" name="Mundane Potion" />
      <itemvariant extradata="0x03" name="Thick Potion" />
      <itemvariant extradata="0x04" name="Awkward Potion" />
      <itemvariant extradata="0x05" name="Potion of Night Vision (3:00)" />
      <itemvariant extradata="0x06" name="Potion of Night Vision (8:00)" />
      <itemvariant extradata="0x07" name="Potion of Invisibility (3:00)" />
      <itemvariant extradata="0x08" name="Potion of Invisibility (8:00)" />
      <itemvariant extradata="0x09" name="Potion of Leaping (3:00)" />
      <itemvariant extradata="0x0A" name="Potion of Leaping (8:00)" />
      <itemvariant extradata="0x0B" name="Potion of Leaping II (1:30)" />
      <itemvariant extradata="0x0C" name="Potion of Fire Resistance (3:00)" />
      <itemvariant extradata="0x0D" name="Potion of Fire Resistance (8:00)" />
      <itemvariant extradata="0x0E" name="Potion of Swiftness (3:00)" />
      <itemvariant extradata="0x0F" name="Potion of Swiftness (8:00)" />
      <itemvariant extradata="0x10" name="Potion of Swiftness II (1:30)" />
      <itemvariant extradata="0x11" name="Potion of Slowness (1:30)" />
      <itemvariant extradata="0x12" name="Potion of Slowness (4:00)" />
      <itemvariant extradata="0x13" name="Potion of Water Breathing (3:00)" />
      <itemvariant extradata="0x14" name="Potion of Water Breathing (8:00)" />
      <itemvariant extradata="0x15" name="Potion of Healing" />
      <itemvariant extradata="0x16" name="Potion of Healing II" />
      <itemvariant extradata="0x17" name="Potion of Harming" />
      <itemvariant extradata="0x18" name="Potion of Harming II" />
      <itemvariant extradata="0x19" name="Potion of Poison (0:45)" />
      <itemvariant extradata="0x1a" name="Potion of Poison (2:00)" />
      <itemvariant extradata="0x1b" name="Potion of Poison II (0:22)" />
      <itemvariant extradata="0x1c" name="Potion of Regeneration (0:45)" />
      <itemvariant extradata="0x1d" name="Potion of Regeneration (2:00)" />
      <itemvariant extradata="0x1e" name="Potion of Regeneration II (0:22)" />
      <itemvariant extradata="0x1f" name="Potion of Strength (3:00)" />
      <itemvariant extradata="0x20" name="Potion of Strength (8:00)" />
      <itemvariant extradata="0x21" name="Potion of Strength II (1:30)" />
      <itemvariant extradata="0x22" name="Potion of Weakness (1:30)" />
      <itemvariant extradata="0x23" name="Potion of Weakness (4:00)" />
    </item>
    <item id="0x176" name="Glass Bottle" />
    <item id="0x177" name="Spider Eye" />
    <item id="0x178" name="TBD - Fermented Spider Eye" />
    <item id="0x179" name="TBD - Blaze Powder" />
    <item id="0x17A" name="Magma Cream" />
    <item id="0x17B" name="TBD - Brewing Stand" />
    <item id="0x17C" name="Cauldron" />
    <item id="0x17D" name="TBD - Eye of Ender" />
    <item id="0x17E" name="TBD - Glistering Melon" />
    <item id="0x17F" name="Spawn Egg"> <!-- *B -->
      <itemvariant extradata="50" name="Spawn Egg, Creeper" />
      <itemvariant extradata="51" name="Spawn Egg, Skeleton" />
      <itemvariant extradata="52" name="Spawn Egg, Spider" />
      <itemvariant extradata="54" name="Spawn Egg, Zombie " />
      <itemvariant extradata="55" name="Spawn Egg, Slime" />
      <itemvariant extradata="56" name="Spawn Egg, Ghast" />
      <itemvariant extradata="57" name="Spawn Egg, Zombie Pigman" />
      <itemvariant extradata="58" name="Spawn Egg, Enderman" />
      <itemvariant extradata="59" name="Spawn Egg, Cave Spider" />
      <itemvariant extradata="60" name="Spawn Egg, Silverfish" />
      <itemvariant extradata="61" name="Spawn Egg, Blaze" />
      <itemvariant extradata="62" name="Spawn Egg, Magma Cube" />
      <itemvariant extradata="65" name="Spawn Egg, Bat" />
      <itemvariant extradata="66" name="Spawn Egg, Witch" />
      <itemvariant extradata="67" name="Spawn Egg, Endermite" />
      <itemvariant extradata="68" name="Spawn Egg, Guardian" />
      <itemvariant extradata="69" name="Spawn Egg, Shulker" />
      <itemvariant extradata="90" name="Spawn Egg, Pig" />
      <itemvariant extradata="91" name="Spawn Egg, Sheep" />
      <itemvariant extradata="92" name="Spawn Egg, Cow" />
      <itemvariant extradata="93" name="Spawn Egg, Chicken" />
      <itemvariant extradata="94" name="Spawn Egg, Squid" />
      <itemvariant extradata="95" name="Spawn Egg, Wolf" />
      <itemvariant extradata="96" name="Spawn Egg, Mooshroom" />
      <itemvariant extradata="98" name="Spawn Egg, Ocelot" />
      <itemvariant extradata="100" name="Spawn Egg, Horse" />
      <itemvariant extradata="101" name="Spawn Egg, Rabbit" />
      <itemvariant extradata="120" name="Spawn Egg, Villager" />
    </item>
    <item id="0x180" name="Bottle o' Enchanting" />
    <item id="0x184" name="Emerald" />
    <item id="0x185" name="Item Frame" />
    <item id="0x186" name="Flower Pot" />
    <item id="0x187" name="Carrot" />
    <item id="0x188" name="Potato" />
    <item id="0x189" name="Baked Potato" />
    <item id="0x18A" name="Poisonous Potato" />
    <item id="0x18B" name="Map" /> <!-- *B? -->
    <item id="0x18C" name="Golden Carrot" />
    <item id="0x18D" name="Mob Head"> <!-- *B -->
      <itemvariant extradata="0" name="Mob Head, Skeleton" />
      <itemvariant extradata="1" name="Mob Head, Wither Skeleton" />
      <itemvariant extradata="2" name="Mob Head, Zombie" />
      <itemvariant extradata="3" name="Mob Head, Player" />
      <itemvariant extradata="4" name="Mob Head, Creeper" />
    </item>
    <item id="0x190" name="Pumpkin Pie" />
    <item id="0x193" name="Enchanted Book" />
    <item id="0x194" name="Redstone Comparator" />
    <item id="0x195" name="Nether Brick" />
    <item id="0x196" name="Nether Quartz" />
    <item id="0x197" name="Minecart, TNT" />
    <item id="0x198" name="Minecart, Hopper" />
    <item id="0x19A" name="Hopper" />
    <item id="0x19B" name="Rabbit, Raw" />
    <item id="0x19C" name="Rabbit, Cooked" />
    <item id="0x19D" name="Rabbit Stew" />
    <item id="0x19E" name="Rabbit's Foot" />
    <item id="0x19F" name="Rabbit Hide" />
    <item id="0x1AB" name="Door, Spruce" />
    <item id="0x1AC" name="Door, Birch" />
    <item id="0x1AD" name="Door, Jungle" />
    <item id="0x1AE" name="Door, Acacia" />
    <item id="0x1AF" name="Door, Dark Oak" />
    <item id="0x1B2" name="TBD - Beetroot (MCPC)" />
    <item id="0x1B3" name="TBD - Beetroot Seeds (MCPC)" />
    <item id="0x1B4" name="TBD - Beetroot Soup (MCPC)" />
    <!-- todo parse potions -->
    <item id="0x1B6" name="Splash Potion"> <!-- *B -->
      <itemvariant extradata="0x00" name="Splash Water Bottle" />
      <itemvariant extradata="0x01" name="Splash Mundane Potion" />
      <itemvariant extradata="0x02" name="Splash Mundane Potion" />
      <itemvariant extradata="0x03" name="Splash Thick Potion" />
      <itemvariant extradata="0x04" name="Splash Awkward Potion" />
      <itemvariant extradata="0x05" name="Splash Potion of Night Vision (2:15)" />
      <itemvariant extradata="0x06" name="Splash Potion of Night Vision (6:00)" />
      <itemvariant extradata="0x07" name="Splash Potion of Invisibility (2:15)" />
      <itemvariant extradata="0x08" name="Splash Potion of Invisibility (6:00)" />
      <itemvariant extradata="0x09" name="Splash Potion of Leaping (2:15)" />
      <itemvariant extradata="0x0A" name="Splash Potion of Leaping (6:00)" />
      <itemvariant extradata="0x0B" name="Splash Potion of Leaping II (1:07)" />
      <itemvariant extradata="0x0C" name="Splash Potion of Fire Resistance (2:15)" />
      <itemvariant extradata="0x0D" name="Splash Potion of Fire Resistance (6:00)" />
      <itemvariant extradata="0x0E" name="Splash Potion of Swiftness (2:15)" />
      <itemvariant extradata="0x0F" name="Splash Potion of Swiftness (6:00)" />
      <itemvariant extradata="0x10" name="Splash Potion of Swiftness II (1:07)" />
      <itemvariant extradata="0x11" name="Splash Potion of Slowness (1:07)" />
      <itemvariant extradata="0x12" name="Splash Potion of Slowness (3:00)" />
      <itemvariant extradata="0x13" name="Splash Potion of Water Breathing (2:15)" />
      <itemvariant extradata="0x14" name="Splash Potion of Water Breathing (6:00)" />
      <itemvariant extradata="0x15" name="Splash Potion of Healing" />
      <itemvariant extradata="0x16" name="Splash Potion of Healing II" />
      <itemvariant extradata="0x17" name="Splash Potion of Harming" />
      <itemvariant extradata="0x18" name="Splash Potion of Harming II" />
      <itemvariant extradata="0x19" name="Splash Potion of Poison (0:33)" />
      <itemvariant extradata="0x1a" name="Splash Potion of Poison (1:30)" />
      <itemvariant extradata="0x1b" name="Splash Potion of Poison II (0:16)" />
      <itemvariant extradata="0x1c" name="Splash Potion of Regeneration (0:38)" />
      <itemvariant extradata="0x1d" name="Splash Potion of Regeneration (1:30)" />
      <itemvariant extradata="0x1e" name="Splash Potion of Regeneration II (0:16)" />
      <itemvariant extradata="0x1f" name="Splash Potion of Strength (2:15)" />
      <itemvariant extradata="0x20" name="Splash Potion of Strength (6:00)" />
      <itemvariant extradata="0x21" name="Splash Potion of Strength II (1:07)" />
      <itemvariant extradata="0x22" name="Splash Potion of Weakness (1:07)" />
      <itemvariant extradata="0x23" name="Splash Potion of Weakness (3:00)" />
    </item>    
    <item id="0x1C9" name="TBD - Beetroot (MCPE)" />
    <item id="0x1CA" name="Beetroot Seeds" />
    <item id="0x1CB" name="TBD - Beetroot Soup (MCPE)" />
    <item id="0x1CC" name="Salmon, Raw" /> <!-- *B -->
    <item id="0x1CD" name="Clownfish, Raw" /> <!-- *B -->
    <item id="0x1CE" name="Pufferfish, Raw" /> <!-- *B -->
    <item id="0x1CF" name="Salmon, Cooked" /> <!-- *B -->
  </itemlist>

  <!--
      mostly from: http://minecraft.gamepedia.com/Data_values_%28Pocket_Edition%29
      
      entitylist: mcpe entities
      id - mcpe entity id (hex)
      name - name of entity
  -->
  <entitylist>
    <entity id="0x0A" name="Chicken" />
    <entity id="0x0B" name="Cow" />
    <entity id="0x0C" name="Pig" />
    <entity id="0x0D" name="Sheep" />
    <entity id="0x0E" name="Wolf" />
    <entity id="0x0F" name="Villager" />
    <entity id="0x10" name="Mooshroom" />
    <entity id="0x11" name="Squid" />
    <entity id="0x12" name="Rabbit" />  <!-- 0.13 todo correct? -->
    <entity id="0x13" name="Bat" />
    <entity id="0x14" name="Iron Golem" />
    <entity id="0x15" name="Snow Golem" />
    <entity id="0x16" name="Ocelot" />
    <entity id="0x20" name="Zombie" />
    <entity id="0x21" name="Creeper" />
    <entity id="0x22" name="Skeleton" />
    <entity id="0x23" name="Spider" />
    <entity id="0x24" name="Zombie Pigman" />
    <entity id="0x25" name="Slime" />
    <entity id="0x26" name="Enderman" />
    <entity id="0x27" name="Silverfish" />
    <entity id="0x28" name="Cave Spider" />
    <entity id="0x29" name="Ghast" />
    <entity id="0x2A" name="Magma Cube" />
    <entity id="0x2B" name="Blaze" />
    <entity id="0x2C" name="Zombie Villager" />
    <entity id="0x2D" name="Witch" />
    <entity id="0x3F" name="The Player" />
    <entity id="0x40" name="Dropped item" />
    <entity id="0x41" name="Primed TNT" />
    <entity id="0x42" name="Falling block" />
    <entity id="0x45" name="Experience Orb" />    <!-- note: reverse engineered by me -->
    <entity id="0x4D" name="Fishing Rod hook" />
    <entity id="0x50" name="Shot arrow" />
    <entity id="0x51" name="Thrown snowball" />
    <entity id="0x52" name="Thrown egg" />
    <entity id="0x53" name="Painting" />
    <entity id="0x54" name="Minecart" />
    <entity id="0x55" name="Ghast fireball" />
    <entity id="0x5A" name="Boat" />
    <entity id="0x5e" name="Blaze fireball" />    <!-- note: reverse engineered by me -->
    <entity id="0x60" name="Minecart with Hopper" />    <!-- note: reverse engineered by me -->
    <entity id="0x61" name="Minecart with TNT" />    <!-- note: reverse engineered by me -->
    <entity id="0x62" name="Minecart with Chest" />    <!-- note: reverse engineered by me -->
  </entitylist>

  <!--
      mostly from: http://minecraft.gamepedia.com/Data_values#Biome_IDs
      
      biomelist: mcpe biomes
      id - mcpe biome id (hex)
      name - name of entity
      color - RGB color (hex)
  -->
  <biomelist>
    <biome id="0x00" name="Ocean" color="0x8b92dd" />
    <biome id="0x01" name="Plains" color="0x1f953e" />
    <biome id="0x02" name="Desert" color="0xede586" />
    <biome id="0x03" name="Extreme Hills" color="0xa0a0a0" />
    <biome id="0x04" name="Forest" color="0x184d1e" />
    <biome id="0x05" name="Taiga" color="0x7fae7c" />
    <biome id="0x06" name="Swampland" color="0x694268" />
    <biome id="0x07" name="River" color="0x616699" />
    <biome id="0x08" name="Hell" color="0xa00000" />
    <biome id="0x09" name="The End" color="0xd1d28a" />
    <biome id="0x0a" name="Frozen Ocean" color="0x0cf5ed" />
    <biome id="0x0b" name="Frozen River" color="0xabedeb" />
    <biome id="0x0c" name="Ice Plains" color="0xf0f0f0" />
    <biome id="0x0d" name="Ice Mountains" color="0xe0e0e0" />
    <biome id="0x0e" name="Mushroom Island" color="0xff1c1c" />
    <biome id="0x0f" name="Mushroom Island Shore" color="0xff5050" />
    <biome id="0x10" name="Beach" color="0xffd37e" />
    <biome id="0x11" name="Desert Hills" color="0xd6cd63" />
    <biome id="0x12" name="Forest Hills" color="0x2e6535" />
    <biome id="0x13" name="Taiga Hills" color="0x8ead8c" />
    <biome id="0x14" name="Extreme Hills Edge" color="0x909090" />
    <biome id="0x15" name="Jungle" color="0x04a51e" />
    <biome id="0x16" name="Jungle Hills" color="0x036c14" />
    <biome id="0x17" name="Jungle Edge" color="0x21ab38" />
    <biome id="0x18" name="Deep Ocean" color="0x3644d8" />
    <biome id="0x19" name="Stone Beach" color="0x808080" />
    <biome id="0x1a" name="Cold Beach" color="0xe0e0ff" />
    <biome id="0x1b" name="Birch Forest" color="0x8af98f" />
    <biome id="0x1c" name="Birch Forest Hills" color="0x90e294" />
    <biome id="0x1d" name="Roofed Forest" color="0x1f7b23" />
    <biome id="0x1e" name="Cold Taiga" color="0xd0d0f0" />
    <biome id="0x1f" name="Cold Taiga Hills" color="0xa0a0c0" />
    <biome id="0x20" name="Mega Taiga" color="0x45390a" />
    <biome id="0x21" name="Mega Taiga Hills" color="0x76641b" />
    <biome id="0x22" name="Extreme Hills+" color="0xb0b0b0" />
    <biome id="0x23" name="Savanna" color="0x80b21f" />
    <biome id="0x24" name="Savanna Plateau" color="0x9ac548" />
    <biome id="0x25" name="Mesa" color="0xb75252" />
    <biome id="0x26" name="Mesa Plateau F" color="0xb76666" />
    <biome id="0x27" name="Mesa Plateau" color="0xb87474" />
    <biome id="0x7f" name="The Void[upcoming]" color="0x202020" />
    <biome id="0x80" name="Plains M" color="0x2faf51" />
    <biome id="0x81" name="Sunflower Plains" color="0xf8f12c" />
    <biome id="0x82" name="Desert M" color="0xb8b270" />
    <biome id="0x83" name="Extreme Hills M" color="0xc0c0c0" />
    <biome id="0x84" name="Flower Forest" color="0xfd893c" />
    <biome id="0x85" name="Taiga M" color="0x84c280" />
    <biome id="0x86" name="Swampland M" color="0x936396" />
    <biome id="0x8c" name="Ice Plains Spikes" color="0x02cffd" />
    <biome id="0x95" name="Jungle M" color="0x14e736" />
    <biome id="0x97" name="JungleEdge M" color="0x3ada54" />
    <biome id="0x9b" name="Birch Forest M" color="0x9de2a0" />
    <biome id="0x9c" name="Birch Forest Hills M" color="0x83bb85" />
    <biome id="0x9d" name="Roofed Forest M" color="0x15901a" />
    <biome id="0x9e" name="Cold Taiga M" color="0x9090b0" />
    <biome id="0xa0" name="Mega Spruce Taiga" color="0x538a4d" />
    <biome id="0xa1" name="Redwood Taiga Hills M" color="0x576c54" />
    <biome id="0xa2" name="Extreme Hills+ M" color="0xd0d0d0" />
    <biome id="0xa3" name="Savanna M" color="0x96b25e" />
    <biome id="0xa4" name="Savanna Plateau M" color="0x7f9652" />
    <biome id="0xa5" name="Mesa (Bryce)" color="0xd18383" />
    <biome id="0xa6" name="Mesa Plateau F M" color="0xd19292" />
    <biome id="0xa7" name="Mesa Plateau M" color="0xb87e7e" />
  </biomelist>

  <!--
      note that values do NOT match: http://minecraft.gamepedia.com/Data_values#Enchantment_IDs
      these values were reverse engineered by me from MCPE directly
      todo - post these to mcpe wiki
  -->
  <enchantmentlist>
    <enchantment id="0x00" name="Protection" officialName="protection" />
    <enchantment id="0x01" name="Fire Protection" officialName="fire_protection" />
    <enchantment id="0x02" name="Feather Falling" officialName="feather_falling" />
    <enchantment id="0x03" name="Blast Protection" officialName="blast_protection" />
    <enchantment id="0x04" name="Projectile Protection" officialName="projectile_protection" />
    <enchantment id="0x06" name="Respiration" officialName="respiration" />
    <enchantment id="0x08" name="Aqua Affinity" officialName="aqua_affinity" />
    <enchantment id="0x05" name="Thorns" officialName="thorns" />
    <enchantment id="0x07" name="Depth Strider" officialName="depth_strider" />
    <enchantment id="0x09" name="Sharpness" officialName="sharpness" />
    <enchantment id="0x0a" name="Smite" officialName="smite" />
    <enchantment id="0x0b" name="Bane of Arthropods" officialName="bane_of_arthropods" />
    <enchantment id="0x0c" name="Knockback" officialName="knockback" />
    <enchantment id="0x0d" name="Fire Aspect" officialName="fire_aspect" />
    <enchantment id="0x0e" name="Looting" officialName="looting" />
    <enchantment id="0x0f" name="Efficiency" officialName="efficiency" />
    <enchantment id="0x10" name="Silk Touch" officialName="silk_touch" />
    <enchantment id="0x11" name="Unbreaking" officialName="unbreaking" />
    <enchantment id="0x12" name="Fortune" officialName="fortune" />
    <enchantment id="0x13" name="Power" officialName="power" />
    <enchantment id="0x14" name="Punch" officialName="punch" />
    <enchantment id="0x15" name="Flame" officialName="flame" />
    <enchantment id="0x16" name="Infinity" officialName="infinity" />
    <enchantment id="0x17" name="Luck of the Sea" officialName="luck_of_the_sea" />
    <enchantment id="0x18" name="Lure" officialName="lure" />
  </enchantmentlist>


  <!--
      mapping of MCPC block id's to MCPE block id's
      there are (unfortunately) some differences between MCPE and MCPC block id's.
      this will help us translate between the two.
      note: use -1 for items that do not exist
  -->
  <mcpcToMcpeList>
    <!-- wooden double slab -->
    <block mcpcId="0x7d" mcpeId="0x9d" />
    <!-- wood slab -->
    <block mcpcId="0x7e" mcpeId="0x9e" />
    <!-- activator rail -->
    <block mcpcId="0x9d" mcpeId="0x7e" />
    <!-- dropper -->
    <block mcpcId="0x9e" mcpeId="0x7d" />

    <!-- prismarine -->
    <item mcpcId="0x19a" mcpeId="-1" />
    <!-- hopper -->
    <!-- todobig - MCPC does NOT have a separate item for the hopper, but MCPE does? -->
  </mcpcToMcpeList>
</xml>
